ID,Full Name,Date of Birth,Gender,Phone Number,Address,Country,State,City,Postal Code,Education Level,Student ID,Department,Year of Study,GPA,Extracurricular Activities,Achievements,Certifications,Projects,Internships,Preferred Team Roles,Emergency Contact Name,Emergency Contact Number,Hobbies,Career Goal,Languages Spoken,Learning Style,Profile Picture URL,LinkedIn,GitHub,Portfolio,Created At,Updated At,Is Active,combined_features
1,Jessica Owens,2005-05-24,female,831-350-0509x308,72228 Lynn Flats,India,Maharashtra,Mumbai,84115,Associate's,2374,Production Engineering,Fourth,6.12,IEEE,"Won Innovation Challenge (AI for Good, XPRIZE)",AWS Certified Solutions Architect,AI-Based Resume Screening System,Google India,Innovator,Joseph Potter,381.594.2356x992,Cycling,Software Engineer,Kashmiri,Kinesthetic,/media/student_profiles/p73.jpg,https://linkedin.com/in/powerstiffany,https://github.com/zdavis,https://portfolio.com/tylerwagner,2020-10-22 04:31:43,2020-09-02 08:08:55,True,"Production Engineering Fourth 6.12 IEEE Won Innovation Challenge (AI for Good, XPRIZE) AWS Certified Solutions Architect AI-Based Resume Screening System Google India Cycling Software Engineer Kashmiri"
2,Jessica Meyer,1999-02-27,male,449.263.7380x5675,184 Shannon Crest Suite 054,India,Maharashtra,Mumbai,92025,Master's,3441,Mechanical Engineering,Third,7.88,Code Labs,"Won National Coding Championship (ICPC, Codeforces, CodeChef)",Google Cloud Professional Cloud Architect,Chatbot for Customer Support,Microsoft India,Innovator,Heather Campbell,001-419-092-6103x02859,Cycling,Data Scientist,English,Visual,/media/student_profiles/p75.jpg,https://linkedin.com/in/bowmanmarissa,https://github.com/mschmidt,https://portfolio.com/myoung,2024-06-21 06:20:05,2021-08-26 14:10:24,False,"Mechanical Engineering Third 7.88 Code Labs Won National Coding Championship (ICPC, Codeforces, CodeChef) Google Cloud Professional Cloud Architect Chatbot for Customer Support Microsoft India Cycling Data Scientist English"
3,Patrick Brown,2004-09-07,female,001-699-990-4170x472,5796 Martinez Expressway Suite 732,India,Maharashtra,Mumbai,25606,High School,4421,Electrical Engineering,Third,8.31,Students Council,Received Patent for Innovation,Microsoft Certified: Azure Fundamentals,Real-Time Face Recognition Attendance System,Amazon India,Innovator,Blake Buchanan,(103)179-8105x87470,Gardening,Machine Learning Engineer,Marathi,Visual,/media/student_profiles/p38.jpg,https://linkedin.com/in/sberry,https://github.com/christopher58,https://portfolio.com/sgibson,2022-01-02 21:59:54,2023-03-17 03:43:05,False,Electrical Engineering Third 8.31 Students Council Received Patent for Innovation Microsoft Certified: Azure Fundamentals Real-Time Face Recognition Attendance System Amazon India Gardening Machine Learning Engineer Marathi
4,Ralph Malone,1997-05-30,male,001-278-773-4149x79989,330 Eric Spring,India,Maharashtra,Mumbai,20825,PhD,6871,Computer Science Engineering,Third,9.26,Students Council,Selected for GSoC/MITACS Internship,Certified Kubernetes Administrator (CKA),E-Commerce Recommendation System,Meta,Strategist,Jeremy Walsh,+1-421-405-1911x309,Gardening,Cloud Engineer,Gujarati,Kinesthetic,/media/student_profiles/p35.jpg,https://linkedin.com/in/henryashley,https://github.com/monicaharris,https://portfolio.com/jacksoncraig,2024-03-25 09:13:54,2020-04-13 02:39:50,True,Computer Science Engineering Third 9.26 Students Council Selected for GSoC/MITACS Internship Certified Kubernetes Administrator (CKA) E-Commerce Recommendation System Meta Gardening Cloud Engineer Gujarati
5,Stephen Rogers,1998-06-11,male,(890)905-9467,45100 Mercado Ranch,India,Maharashtra,Mumbai,21650,High School,1680,Production Engineering,Fourth,7.42,Ted X,"Won National Coding Championship (ICPC, Codeforces, CodeChef)",Cisco Certified Network Associate (CCNA),AI-Powered Code Auto-Completion Tool,IBM India,Innovator,Charles Johnson,0450083914,Traveling,Cybersecurity Analyst,English,Visual,/media/student_profiles/p33.jpg,https://linkedin.com/in/catherine40,https://github.com/dawn84,https://portfolio.com/robert48,2023-11-26 09:01:09,2025-03-02 21:17:36,False,"Production Engineering Fourth 7.42 Ted X Won National Coding Championship (ICPC, Codeforces, CodeChef) Cisco Certified Network Associate (CCNA) AI-Powered Code Auto-Completion Tool IBM India Traveling Cybersecurity Analyst English"
6,Victoria Fitzgerald,2001-04-08,prefer_not_to_say,410.507.9504,0120 Brown Viaduct Apt. 564,India,Maharashtra,Mumbai,58663,PhD,6489,Production Engineering,Second,6.2,Ted X,"Top Rank in Global Hackathon (SIH, NASA Space Apps)",CompTIA Security+,Blockchain-Based Voting System,Zomato,Team Player,Kristen Medina,660-821-9193x296,Photography,Product Manager,Tamil,Kinesthetic,/media/student_profiles/p29.jpg,https://linkedin.com/in/jordanryan,https://github.com/chandlermatthew,https://portfolio.com/amorrison,2022-04-09 01:47:06,2023-01-12 02:02:16,True,"Production Engineering Second 6.2 Ted X Top Rank in Global Hackathon (SIH, NASA Space Apps) CompTIA Security+ Blockchain-Based Voting System Zomato Photography Product Manager Tamil"
7,Anthony Jones,1997-04-11,male,283.241.3260,89839 Michael Court,India,Maharashtra,Mumbai,31534,Bachelor's,1504,Information Technology,Third,9.76,IEEE,"Won Innovation Challenge (AI for Good, XPRIZE)",Certified Ethical Hacker (CEH),Smart Traffic Management System,Swiggy,Team Player,Chase Johnson,(116)879-4602x86849,Volunteering,DevOps Engineer,Hindi,Auditory,/media/student_profiles/p17.jpg,https://linkedin.com/in/hlopez,https://github.com/longbetty,https://portfolio.com/jacksoncraig,2021-08-17 04:58:40,2024-11-19 03:06:50,True,"Information Technology Third 9.76 IEEE Won Innovation Challenge (AI for Good, XPRIZE) Certified Ethical Hacker (CEH) Smart Traffic Management System Swiggy Volunteering DevOps Engineer Hindi"
8,Nathan Gomez,1999-01-24,male,146-292-9217x77892,35917 Adam Field,India,Maharashtra,Mumbai,68634,PhD,4139,Artificial Intelligence and Data Science,Second,6.57,IEEE,Selected for GSoC/MITACS Internship,IBM Data Science Professional Certificate,AI-Powered Fake News Detection,PhonePe,Leader,Spencer Esparza,+1-786-349-0889x4446,Volunteering,AI Research Scientist,Tamil,Kinesthetic,/media/student_profiles/p59.jpg,https://linkedin.com/in/holtmelissa,https://github.com/zjones,https://portfolio.com/meyerdanielle,2022-06-02 23:57:51,2022-06-06 01:47:55,False,Artificial Intelligence and Data Science Second 6.57 IEEE Selected for GSoC/MITACS Internship IBM Data Science Professional Certificate AI-Powered Fake News Detection PhonePe Volunteering AI Research Scientist Tamil
9,Richard Stein,1997-07-23,female,358-877-1020x943,45001 King Ville Apt. 287,India,Maharashtra,Mumbai,86813,Associate's,8664,Artificial Intelligence and Data Science,Fifth,6.18,GDSC,Developed AI/ML Model for Real-World Use,Google Data Analytics Professional Certificate,Personal Finance Management App,Razorpay,Strategist,Phillip Krueger,001-211-864-8829x584,Volunteering,Frontend Developer,Gujarati,Kinesthetic,/media/student_profiles/p59.jpg,https://linkedin.com/in/wayne57,https://github.com/wsharp,https://portfolio.com/brittany36,2020-01-10 14:38:10,2024-12-04 23:58:59,False,Artificial Intelligence and Data Science Fifth 6.18 GDSC Developed AI/ML Model for Real-World Use Google Data Analytics Professional Certificate Personal Finance Management App Razorpay Volunteering Frontend Developer Gujarati
10,David Fletcher,1996-05-28,male,1283648781,7424 Obrien Views Suite 535,India,Maharashtra,Mumbai,40525,PhD,4174,Information Technology,Second,6.85,Sports,Led Full-Stack Project Used by Thousands,AWS Certified Machine Learning – Specialty,IoT-Based Smart Home Automation,CRED,Leader,Kendra Gilbert,(875)886-0345x8113,Reading,Backend Developer,Tamil,Kinesthetic,/media/student_profiles/p13.jpg,https://linkedin.com/in/james47,https://github.com/fperez,https://portfolio.com/carol94,2020-02-15 18:30:16,2023-05-24 13:36:51,True,Information Technology Second 6.85 Sports Led Full-Stack Project Used by Thousands AWS Certified Machine Learning – Specialty IoT-Based Smart Home Automation CRED Reading Backend Developer Tamil
11,Heather House,2002-09-10,male,(559)525-3849x276,36500 Myers Shores Suite 256,India,Maharashtra,Mumbai,39676,Associate's,8547,Information Technology,Second,9.79,Vayushastra,"Job Offer from Top Tech Company (Google, Microsoft, Amazon)",TensorFlow Developer Certificate,AI-Based Handwriting Recognition,TCS,Strategist,Jessica Campbell,(961)500-6921x10749,Photography,Full Stack Developer,Hindi,Kinesthetic,/media/student_profiles/p74.jpg,https://linkedin.com/in/iflores,https://github.com/aramos,https://portfolio.com/rwall,2023-10-12 23:07:09,2020-12-18 17:08:18,False,"Information Technology Second 9.79 Vayushastra Job Offer from Top Tech Company (Google, Microsoft, Amazon) TensorFlow Developer Certificate AI-Based Handwriting Recognition TCS Photography Full Stack Developer Hindi"
12,Michael Caldwell,2003-02-06,male,359-535-0609x66826,428 Smith Well,India,Maharashtra,Mumbai,21818,High School,3329,Production Engineering,Third,9.4,Sports,Selected for GSoC/MITACS Internship,Microsoft Certified: Power BI Data Analyst,Stock Price Prediction Using Machine Learning,Infosys,Innovator,Cheryl Mccarthy,981-389-1709x802,Reading,Business Analyst,Gujarati,Kinesthetic,/media/student_profiles/p10.jpg,https://linkedin.com/in/catherine40,https://github.com/amyperez,https://portfolio.com/molly64,2024-07-26 22:43:00,2025-02-25 03:36:04,False,Production Engineering Third 9.4 Sports Selected for GSoC/MITACS Internship Microsoft Certified: Power BI Data Analyst Stock Price Prediction Using Machine Learning Infosys Reading Business Analyst Gujarati
13,Jared Jones,2005-10-25,female,734-263-3670x5236,62658 Thompson Junction,India,Maharashtra,Mumbai,10216,Bachelor's,6583,Artificial Intelligence and Data Science,Fourth,7.07,Code Labs,"Job Offer from Top Tech Company (Google, Microsoft, Amazon)",Certified Information Systems Security Professional (CISSP),AI-Powered Virtual Personal Assistant,Wipro,Strategist,Michael Olsen,(065)236-0660x66908,Gardening,UX/UI Designer,Marathi,Auditory,/media/student_profiles/p74.jpg,https://linkedin.com/in/duncantammy,https://github.com/princevanessa,https://portfolio.com/hansonsharon,2022-05-25 11:32:40,2023-01-30 06:23:17,False,"Artificial Intelligence and Data Science Fourth 7.07 Code Labs Job Offer from Top Tech Company (Google, Microsoft, Amazon) Certified Information Systems Security Professional (CISSP) AI-Powered Virtual Personal Assistant Wipro Gardening UX/UI Designer Marathi"
14,Kiara Perez,2000-10-18,male,333-023-0801x531,105 Rodriguez Ridge Apt. 501,India,Maharashtra,Mumbai,4459,Associate's,3038,Information Technology,Fourth,9.92,Students Council,Built Open-Source Project (1K+ Stars),Oracle Certified Java Programmer (OCJP),Cybersecurity Threat Detection System,HCL Technologies,Innovator,Brooke Owens,+1-823-666-1498x9059,Cycling,Quality Assurance Engineer (QA),English,Auditory,/media/student_profiles/p25.jpg,https://linkedin.com/in/qholmes,https://github.com/erica31,https://portfolio.com/hollandjessica,2022-06-30 12:24:30,2023-03-02 00:41:12,False,Information Technology Fourth 9.92 Students Council Built Open-Source Project (1K+ Stars) Oracle Certified Java Programmer (OCJP) Cybersecurity Threat Detection System HCL Technologies Cycling Quality Assurance Engineer (QA) English
15,Judith Grimes,2004-06-16,male,+1-103-580-5481x6572,85886 Wall Ways Apt. 235,India,Maharashtra,Mumbai,15011,PhD,4180,Mechanical Engineering,Fifth,7.53,Ted X,"Won Innovation Challenge (AI for Good, XPRIZE)",PMP (Project Management Professional),AI-Based Health Chatbot,Tech Mahindra,Innovator,Julie Sweeney,598.913.5179,Cooking,Database Administrator,Kashmiri,Visual,/media/student_profiles/p35.jpg,https://linkedin.com/in/smoody,https://github.com/chandlermatthew,https://portfolio.com/amyadams,2023-08-26 20:27:01,2021-07-25 09:45:45,False,"Mechanical Engineering Fifth 7.53 Ted X Won Innovation Challenge (AI for Good, XPRIZE) PMP (Project Management Professional) AI-Based Health Chatbot Tech Mahindra Cooking Database Administrator Kashmiri"
16,Mrs. Anna Robinson MD,1994-12-27,female,262.564.9031x1938,9717 Russell Expressway,India,Maharashtra,Mumbai,66792,Associate's,3544,Artificial Intelligence and Data Science,Fifth,9.69,Code Labs,Published Research Paper (IEEE/ACM),Scrum Master Certification (CSM),AI-Powered Resume Analyzer,Fractal Analytics,Team Player,William Hoffman,(796)385-2404,Photography,IT Consultant,Kashmiri,Visual,/media/student_profiles/p6.jpg,https://linkedin.com/in/powerstiffany,https://github.com/megangriffin,https://portfolio.com/gary21,2024-12-05 02:57:57,2022-01-21 16:13:56,False,Artificial Intelligence and Data Science Fifth 9.69 Code Labs Published Research Paper (IEEE/ACM) Scrum Master Certification (CSM) AI-Powered Resume Analyzer Fractal Analytics Photography IT Consultant Kashmiri
17,Timothy Hopkins,2003-10-09,female,105.990.8287x53647,3936 Joshua Walks Apt. 872,India,Maharashtra,Mumbai,37738,Bachelor's,8857,Artificial Intelligence and Data Science,Third,6.08,NSS,"Job Offer from Top Tech Company (Google, Microsoft, Amazon)",Google UX Design Professional Certificate,AI-Based Plagiarism Checker,Mu Sigma,Leader,Tiffany Parker,(484)684-1831,Cooking,Technical Program Manager,English,Visual,/media/student_profiles/p88.jpg,https://linkedin.com/in/anthony94,https://github.com/brennanpatricia,https://portfolio.com/robert27,2023-12-21 11:33:58,2020-04-18 09:25:43,False,"Artificial Intelligence and Data Science Third 6.08 NSS Job Offer from Top Tech Company (Google, Microsoft, Amazon) Google UX Design Professional Certificate AI-Based Plagiarism Checker Mu Sigma Cooking Technical Program Manager English"
18,Crystal Vasquez,2002-02-03,male,823-384-1560x21096,6481 Bowman Keys Suite 812,India,Maharashtra,Mumbai,61486,High School,5166,Mechanical Engineering,Fifth,9.17,GDSC,"Top Rank in Global Hackathon (SIH, NASA Space Apps)",Meta Front-End Developer Professional Certificate,AI-Powered Interview Preparation Tool,Tredence,Innovator,Jermaine Jones,542-404-5611x69515,Traveling,Embedded Systems Engineer,Hindi,Visual,/media/student_profiles/p54.jpg,https://linkedin.com/in/cartermark,https://github.com/wcampbell,https://portfolio.com/jacksoncraig,2024-05-02 19:48:25,2023-03-23 21:21:25,True,"Mechanical Engineering Fifth 9.17 GDSC Top Rank in Global Hackathon (SIH, NASA Space Apps) Meta Front-End Developer Professional Certificate AI-Powered Interview Preparation Tool Tredence Traveling Embedded Systems Engineer Hindi"
19,Monica Young,1994-04-13,prefer_not_to_say,682.263.4797,86229 Jacob Underpass Suite 959,India,Maharashtra,Mumbai,78250,Bachelor's,5818,Production Engineering,Third,9.76,Code Labs,"Won Innovation Challenge (AI for Good, XPRIZE)",Harvard CS50: Introduction to Computer Science,AI-Based Crime Prediction System,NVIDIA India,Team Player,Christopher Wood,001-292-886-4204x47339,Volunteering,Blockchain Developer,Hindi,Visual,/media/student_profiles/p50.jpg,https://linkedin.com/in/rosepeter,https://github.com/elewis,https://portfolio.com/calebflores,2023-10-18 19:48:26,2021-05-12 00:29:37,True,"Production Engineering Third 9.76 Code Labs Won Innovation Challenge (AI for Good, XPRIZE) Harvard CS50: Introduction to Computer Science AI-Based Crime Prediction System NVIDIA India Volunteering Blockchain Developer Hindi"
20,Jason Prince DDS,2002-01-29,female,811-715-4339,03081 Baker Harbors,India,Maharashtra,Mumbai,54655,PhD,4118,Computer Science Engineering,First,9.51,Sports,"Top Rank in Global Hackathon (SIH, NASA Space Apps)",MITx Data Science and Big Data Analytics,AI-Based Mental Health Chatbot,Oracle India,Innovator,Robert Bates,355-534-0207x7708,Painting,AR/VR Developer,Hindi,Kinesthetic,/media/student_profiles/p100.jpg,https://linkedin.com/in/deborahbowman,https://github.com/deborah42,https://portfolio.com/gbradford,2020-11-21 01:34:12,2022-04-09 09:45:55,False,"Computer Science Engineering First 9.51 Sports Top Rank in Global Hackathon (SIH, NASA Space Apps) MITx Data Science and Big Data Analytics AI-Based Mental Health Chatbot Oracle India Painting AR/VR Developer Hindi"
21,Jeremiah Allen Jr.,1997-04-19,male,+1-614-236-0317x031,27760 Collins Manors,India,Maharashtra,Mumbai,97729,Master's,5041,Production Engineering,Fifth,8.96,IEEE,"Won Innovation Challenge (AI for Good, XPRIZE)",AWS Certified Solutions Architect,AI-Based Resume Screening System,Google India,Leader,Joe Gonzales,+1-016-002-4839x00972,Cooking,Software Engineer,Kashmiri,Kinesthetic,/media/student_profiles/p52.jpg,https://linkedin.com/in/kevinlloyd,https://github.com/justin85,https://portfolio.com/hawkinskimberly,2022-08-13 03:57:03,2022-07-05 00:13:42,True,"Production Engineering Fifth 8.96 IEEE Won Innovation Challenge (AI for Good, XPRIZE) AWS Certified Solutions Architect AI-Based Resume Screening System Google India Cooking Software Engineer Kashmiri"
22,Taylor Bennett,2001-08-18,prefer_not_to_say,(143)441-2015x933,571 Reyes Fort,India,Maharashtra,Mumbai,54387,High School,2255,Production Engineering,Fifth,6.37,Vayushastra,Selected for GSoC/MITACS Internship,Google Cloud Professional Cloud Architect,Chatbot for Customer Support,Microsoft India,Leader,Katie Howell,447-817-0682,Fitness,Data Scientist,English,Kinesthetic,/media/student_profiles/p25.jpg,https://linkedin.com/in/sberry,https://github.com/vknight,https://portfolio.com/romeromatthew,2025-02-03 21:50:36,2020-10-14 19:01:55,True,Production Engineering Fifth 6.37 Vayushastra Selected for GSoC/MITACS Internship Google Cloud Professional Cloud Architect Chatbot for Customer Support Microsoft India Fitness Data Scientist English
23,Julie Blake,2003-11-19,male,+1-656-220-8711,92077 Johns Crossroad,India,Maharashtra,Mumbai,21364,Associate's,2303,Electrical Engineering,Third,6.6,Sports,Led Full-Stack Project Used by Thousands,Microsoft Certified: Azure Fundamentals,Real-Time Face Recognition Attendance System,Amazon India,Strategist,Carla Smith DDS,(676)763-3572x8218,Cycling,Machine Learning Engineer,Gujarati,Visual,/media/student_profiles/p77.jpg,https://linkedin.com/in/karen14,https://github.com/regina50,https://portfolio.com/mclaughlinnicholas,2021-06-18 03:42:42,2023-06-06 04:10:28,False,Electrical Engineering Third 6.6 Sports Led Full-Stack Project Used by Thousands Microsoft Certified: Azure Fundamentals Real-Time Face Recognition Attendance System Amazon India Cycling Machine Learning Engineer Gujarati
24,Chelsea Mclean,2000-06-23,prefer_not_to_say,060-797-7941,16235 Powell Vista,India,Maharashtra,Mumbai,20552,PhD,7402,Computer Science Engineering,First,6.06,IEEE,Led Full-Stack Project Used by Thousands,Certified Kubernetes Administrator (CKA),E-Commerce Recommendation System,Meta,Innovator,Kevin Powell,266.447.5414x10762,Fitness,Cloud Engineer,Gujarati,Auditory,/media/student_profiles/p55.jpg,https://linkedin.com/in/mark38,https://github.com/andrewdelgado,https://portfolio.com/eferguson,2022-09-12 13:16:32,2022-06-20 17:40:11,False,Computer Science Engineering First 6.06 IEEE Led Full-Stack Project Used by Thousands Certified Kubernetes Administrator (CKA) E-Commerce Recommendation System Meta Fitness Cloud Engineer Gujarati
25,Natasha Mullins,1999-03-02,female,771.185.3941x480,251 Jason Field Apt. 620,India,Maharashtra,Mumbai,6541,PhD,6252,Computer Science Engineering,Second,6.06,Ted X,"Top Rank in Global Hackathon (SIH, NASA Space Apps)",Cisco Certified Network Associate (CCNA),AI-Powered Code Auto-Completion Tool,IBM India,Strategist,Stephanie Brown,386-543-3110x36228,Gardening,Cybersecurity Analyst,English,Visual,/media/student_profiles/p88.jpg,https://linkedin.com/in/duncantammy,https://github.com/millsrichard,https://portfolio.com/ianderson,2023-12-17 10:16:07,2024-01-08 12:25:54,False,"Computer Science Engineering Second 6.06 Ted X Top Rank in Global Hackathon (SIH, NASA Space Apps) Cisco Certified Network Associate (CCNA) AI-Powered Code Auto-Completion Tool IBM India Gardening Cybersecurity Analyst English"
26,Christopher Logan,1995-10-04,prefer_not_to_say,001-451-018-0023x63370,8706 Hannah Mission Suite 654,India,Maharashtra,Mumbai,30709,PhD,5865,Mechanical Engineering,Fifth,6.5,Vayushastra,Selected for GSoC/MITACS Internship,CompTIA Security+,Blockchain-Based Voting System,Zomato,Innovator,Brittany Benitez,2853601001,Photography,Product Manager,Kashmiri,Auditory,/media/student_profiles/p44.jpg,https://linkedin.com/in/marymyers,https://github.com/daviddavis,https://portfolio.com/danielwilliams,2024-04-25 00:01:57,2025-03-14 08:21:16,False,Mechanical Engineering Fifth 6.5 Vayushastra Selected for GSoC/MITACS Internship CompTIA Security+ Blockchain-Based Voting System Zomato Photography Product Manager Kashmiri
27,Jacob Clark,2004-01-01,female,6864067348,048 Daniel Summit Apt. 740,India,Maharashtra,Mumbai,2604,High School,4935,Production Engineering,First,8.8,NSS,"Won National Coding Championship (ICPC, Codeforces, CodeChef)",Certified Ethical Hacker (CEH),Smart Traffic Management System,Swiggy,Strategist,Brian Park,001-437-990-7524x8278,Painting,DevOps Engineer,English,Kinesthetic,/media/student_profiles/p50.jpg,https://linkedin.com/in/thomas72,https://github.com/shortrichard,https://portfolio.com/erica95,2023-05-12 15:15:02,2020-12-24 03:29:05,False,"Production Engineering First 8.8 NSS Won National Coding Championship (ICPC, Codeforces, CodeChef) Certified Ethical Hacker (CEH) Smart Traffic Management System Swiggy Painting DevOps Engineer English"
28,Terry Wilson,1998-02-21,prefer_not_to_say,749.715.4020,2182 Natasha Stravenue,India,Maharashtra,Mumbai,86507,Associate's,3215,Information Technology,Second,8.0,GDSC,"Won Innovation Challenge (AI for Good, XPRIZE)",IBM Data Science Professional Certificate,AI-Powered Fake News Detection,PhonePe,Team Player,Gregory Knight,001-292-309-8681x839,Cooking,AI Research Scientist,Hindi,Visual,/media/student_profiles/p13.jpg,https://linkedin.com/in/kaylakirk,https://github.com/michael74,https://portfolio.com/lroach,2020-10-17 13:09:10,2021-11-02 23:25:31,True,"Information Technology Second 8.0 GDSC Won Innovation Challenge (AI for Good, XPRIZE) IBM Data Science Professional Certificate AI-Powered Fake News Detection PhonePe Cooking AI Research Scientist Hindi"
29,John Golden,2001-02-15,female,987-484-3777x52614,20562 Christopher Fields Apt. 590,India,Maharashtra,Mumbai,59304,Bachelor's,2796,Electrical Engineering,Fourth,8.97,Sports,"Won National Coding Championship (ICPC, Codeforces, CodeChef)",Google Data Analytics Professional Certificate,Personal Finance Management App,Razorpay,Strategist,David Robinson,979-495-5135,Reading,Frontend Developer,Tamil,Kinesthetic,/media/student_profiles/p74.jpg,https://linkedin.com/in/jordankimberly,https://github.com/amyperez,https://portfolio.com/medinajennifer,2024-01-31 18:14:54,2021-01-09 20:25:04,True,"Electrical Engineering Fourth 8.97 Sports Won National Coding Championship (ICPC, Codeforces, CodeChef) Google Data Analytics Professional Certificate Personal Finance Management App Razorpay Reading Frontend Developer Tamil"
30,Gilbert Herrera,1997-12-24,female,553.282.9822x3120,385 Snyder Parks,India,Maharashtra,Mumbai,63720,Master's,2006,Computer Science Engineering,Third,6.5,GDSC,"Won National Coding Championship (ICPC, Codeforces, CodeChef)",AWS Certified Machine Learning – Specialty,IoT-Based Smart Home Automation,CRED,Innovator,Robin Castillo,956.074.1275,Music,Backend Developer,Hindi,Auditory,/media/student_profiles/p88.jpg,https://linkedin.com/in/xstevens,https://github.com/fperez,https://portfolio.com/chelsea70,2024-04-21 10:05:53,2020-07-28 00:19:03,True,"Computer Science Engineering Third 6.5 GDSC Won National Coding Championship (ICPC, Codeforces, CodeChef) AWS Certified Machine Learning – Specialty IoT-Based Smart Home Automation CRED Music Backend Developer Hindi"
31,Jeffery Brown,1999-07-12,female,001-171-427-2890x925,748 Diana Isle Apt. 755,India,Maharashtra,Mumbai,9041,High School,1974,Electrical Engineering,First,7.63,Ted X,"Won National Coding Championship (ICPC, Codeforces, CodeChef)",TensorFlow Developer Certificate,AI-Based Handwriting Recognition,TCS,Innovator,Heidi Rubio,214-825-6186x80834,Painting,Full Stack Developer,Marathi,Visual,/media/student_profiles/p76.jpg,https://linkedin.com/in/jordankimberly,https://github.com/zjones,https://portfolio.com/martinezmarissa,2020-07-20 08:29:59,2022-02-08 01:24:15,False,"Electrical Engineering First 7.63 Ted X Won National Coding Championship (ICPC, Codeforces, CodeChef) TensorFlow Developer Certificate AI-Based Handwriting Recognition TCS Painting Full Stack Developer Marathi"
32,Jenna White,1995-07-29,male,+1-917-240-5761x33045,38579 Emily Flat,India,Maharashtra,Mumbai,3457,Bachelor's,8132,Electrical Engineering,Fourth,6.16,Sports,Received Patent for Innovation,Microsoft Certified: Power BI Data Analyst,Stock Price Prediction Using Machine Learning,Infosys,Strategist,Ryan Frederick,+1-018-796-8642,Music,Business Analyst,Kashmiri,Visual,/media/student_profiles/p77.jpg,https://linkedin.com/in/allison15,https://github.com/lisa11,https://portfolio.com/smithmatthew,2023-05-20 13:50:58,2024-07-31 02:16:02,False,Electrical Engineering Fourth 6.16 Sports Received Patent for Innovation Microsoft Certified: Power BI Data Analyst Stock Price Prediction Using Machine Learning Infosys Music Business Analyst Kashmiri
33,Leslie Baldwin,2001-07-21,male,(715)746-9006x274,72948 Hoffman Trail,India,Maharashtra,Mumbai,45474,Master's,5493,Computer Engineering,Fifth,6.5,Code Labs,Led Full-Stack Project Used by Thousands,Certified Information Systems Security Professional (CISSP),AI-Powered Virtual Personal Assistant,Wipro,Strategist,Tricia Stanley,001-358-638-2160x4955,Gardening,UX/UI Designer,Gujarati,Auditory,/media/student_profiles/p14.jpg,https://linkedin.com/in/caleb17,https://github.com/traviscarter,https://portfolio.com/smithmatthew,2020-12-17 08:50:33,2021-01-14 08:32:36,False,Computer Engineering Fifth 6.5 Code Labs Led Full-Stack Project Used by Thousands Certified Information Systems Security Professional (CISSP) AI-Powered Virtual Personal Assistant Wipro Gardening UX/UI Designer Gujarati
34,Lindsey Miller,1998-09-26,male,2783724456,3027 Boyd Harbor Apt. 874,India,Maharashtra,Mumbai,65947,Master's,8087,Computer Science Engineering,Fourth,6.16,NSS,Built Open-Source Project (1K+ Stars),Oracle Certified Java Programmer (OCJP),Cybersecurity Threat Detection System,HCL Technologies,Team Player,Priscilla Hernandez,135.812.6410x4495,Painting,Quality Assurance Engineer (QA),Gujarati,Auditory,/media/student_profiles/p13.jpg,https://linkedin.com/in/eric18,https://github.com/wcampbell,https://portfolio.com/tamara69,2024-01-01 19:22:30,2025-01-09 04:04:09,True,Computer Science Engineering Fourth 6.16 NSS Built Open-Source Project (1K+ Stars) Oracle Certified Java Programmer (OCJP) Cybersecurity Threat Detection System HCL Technologies Painting Quality Assurance Engineer (QA) Gujarati
35,Luis Cortez,1998-10-25,male,590.631.9323,80854 Patrick Fords,India,Maharashtra,Mumbai,56694,Bachelor's,6284,Electrical Engineering,Fifth,8.58,GDSC,"Won Innovation Challenge (AI for Good, XPRIZE)",PMP (Project Management Professional),AI-Based Health Chatbot,Tech Mahindra,Leader,Patricia Santos,(531)912-9988,Fitness,Database Administrator,English,Kinesthetic,/media/student_profiles/p12.jpg,https://linkedin.com/in/michael81,https://github.com/evelynwalker,https://portfolio.com/housejustin,2024-09-01 10:33:04,2020-11-04 03:07:31,True,"Electrical Engineering Fifth 8.58 GDSC Won Innovation Challenge (AI for Good, XPRIZE) PMP (Project Management Professional) AI-Based Health Chatbot Tech Mahindra Fitness Database Administrator English"
36,Jamie Marsh,1998-01-03,prefer_not_to_say,001-880-697-0316x907,72818 Hurley Park,India,Maharashtra,Mumbai,45510,Master's,6310,Information Technology,Fifth,7.37,GDSC,Built Open-Source Project (1K+ Stars),Scrum Master Certification (CSM),AI-Powered Resume Analyzer,Fractal Analytics,Strategist,Tyler Compton,179.286.2290x28924,Photography,IT Consultant,Kashmiri,Visual,/media/student_profiles/p62.jpg,https://linkedin.com/in/anthony94,https://github.com/monica47,https://portfolio.com/meyerdanielle,2021-06-19 06:01:18,2024-05-13 10:16:02,False,Information Technology Fifth 7.37 GDSC Built Open-Source Project (1K+ Stars) Scrum Master Certification (CSM) AI-Powered Resume Analyzer Fractal Analytics Photography IT Consultant Kashmiri
37,Michael Green,1986-06-05,male,988-774-9334,2986 Jacob Fields Apt. 266,India,Maharashtra,Mumbai,25282,High School,5837,Mechanical Engineering,Fourth,6.86,Mozilla Club,Developed AI/ML Model for Real-World Use,Google UX Design Professional Certificate,AI-Based Plagiarism Checker,Mu Sigma,Team Player,Claire Shah,360-712-7055x2130,Gardening,Technical Program Manager,Gujarati,Visual,/media/student_profiles/p38.jpg,https://linkedin.com/in/xstevens,https://github.com/lray,https://portfolio.com/housejustin,2020-06-27 08:27:22,2021-06-02 11:53:30,False,Mechanical Engineering Fourth 6.86 Mozilla Club Developed AI/ML Model for Real-World Use Google UX Design Professional Certificate AI-Based Plagiarism Checker Mu Sigma Gardening Technical Program Manager Gujarati
38,Elizabeth Delacruz DDS,2004-10-28,female,+1-452-581-3498,274 Nicole Garden Apt. 742,India,Maharashtra,Mumbai,59553,Associate's,2235,Information Technology,Second,9.92,NSS,Led Full-Stack Project Used by Thousands,Meta Front-End Developer Professional Certificate,AI-Powered Interview Preparation Tool,Tredence,Team Player,Alexander Hall,001-898-669-6172x6977,Painting,Embedded Systems Engineer,English,Visual,/media/student_profiles/p76.jpg,https://linkedin.com/in/duncantammy,https://github.com/careyjeffrey,https://portfolio.com/jeffrey04,2024-10-25 06:51:01,2024-04-26 14:49:13,False,Information Technology Second 9.92 NSS Led Full-Stack Project Used by Thousands Meta Front-End Developer Professional Certificate AI-Powered Interview Preparation Tool Tredence Painting Embedded Systems Engineer English
39,Zoe Henry,1998-09-21,male,126-121-1103x775,521 Jones Spur Apt. 110,India,Maharashtra,Mumbai,95150,Master's,4749,Computer Science Engineering,Fourth,8.96,IEEE,Led Full-Stack Project Used by Thousands,Harvard CS50: Introduction to Computer Science,AI-Based Crime Prediction System,NVIDIA India,Team Player,Laurie Taylor,091-695-6438x9180,Reading,Blockchain Developer,Hindi,Kinesthetic,/media/student_profiles/p14.jpg,https://linkedin.com/in/williamscasey,https://github.com/nicholas90,https://portfolio.com/harperspencer,2020-07-13 13:44:14,2024-10-08 17:56:59,True,Computer Science Engineering Fourth 8.96 IEEE Led Full-Stack Project Used by Thousands Harvard CS50: Introduction to Computer Science AI-Based Crime Prediction System NVIDIA India Reading Blockchain Developer Hindi
40,Christina Brown,2001-11-15,prefer_not_to_say,654-046-2353x277,3768 Scott Shoals,India,Maharashtra,Mumbai,15306,Master's,2222,Electrical Engineering,Second,6.29,Mozilla Club,Built Open-Source Project (1K+ Stars),MITx Data Science and Big Data Analytics,AI-Based Mental Health Chatbot,Oracle India,Innovator,Jennifer Bean,7511346174,Cooking,AR/VR Developer,Tamil,Visual,/media/student_profiles/p7.jpg,https://linkedin.com/in/stephanie86,https://github.com/vargasscott,https://portfolio.com/woodsemily,2023-05-29 06:29:19,2023-01-14 23:44:58,False,Electrical Engineering Second 6.29 Mozilla Club Built Open-Source Project (1K+ Stars) MITx Data Science and Big Data Analytics AI-Based Mental Health Chatbot Oracle India Cooking AR/VR Developer Tamil
41,Deborah Davidson,1997-07-19,female,001-623-014-1370x914,499 Woods Lock,India,Maharashtra,Mumbai,44303,Bachelor's,6648,Information Technology,First,8.15,IEEE,Led Full-Stack Project Used by Thousands,AWS Certified Solutions Architect,AI-Based Resume Screening System,Google India,Innovator,Michael Tran,005.141.8611,Painting,Software Engineer,Gujarati,Auditory,/media/student_profiles/p3.jpg,https://linkedin.com/in/justinhuang,https://github.com/duncanzachary,https://portfolio.com/rsullivan,2024-01-16 09:04:52,2020-11-21 07:07:00,True,Information Technology First 8.15 IEEE Led Full-Stack Project Used by Thousands AWS Certified Solutions Architect AI-Based Resume Screening System Google India Painting Software Engineer Gujarati
42,Jamie Moore,2000-07-25,prefer_not_to_say,(658)253-0911,01207 Prince Islands,India,Maharashtra,Mumbai,2027,Bachelor's,5952,Computer Engineering,First,6.06,Vayushastra,Published Research Paper (IEEE/ACM),Google Cloud Professional Cloud Architect,Chatbot for Customer Support,Microsoft India,Leader,Sarah Jefferson,001-135-109-8282x265,Fitness,Data Scientist,English,Kinesthetic,/media/student_profiles/p12.jpg,https://linkedin.com/in/xstevens,https://github.com/diazerik,https://portfolio.com/gomezjesus,2020-11-05 22:46:48,2021-12-03 00:56:44,False,Computer Engineering First 6.06 Vayushastra Published Research Paper (IEEE/ACM) Google Cloud Professional Cloud Architect Chatbot for Customer Support Microsoft India Fitness Data Scientist English
43,Brittany Smith,1997-08-03,male,(588)030-0757x349,96486 Barton Views Suite 528,India,Maharashtra,Mumbai,10102,Master's,6679,Information Technology,Second,8.52,NSS,Developed AI/ML Model for Real-World Use,Microsoft Certified: Azure Fundamentals,Real-Time Face Recognition Attendance System,Amazon India,Team Player,Tyler Wheeler,(783)360-2305x379,Traveling,Machine Learning Engineer,Hindi,Visual,/media/student_profiles/p77.jpg,https://linkedin.com/in/eric18,https://github.com/zjones,https://portfolio.com/vsimpson,2021-03-26 22:24:55,2022-01-06 21:47:56,True,Information Technology Second 8.52 NSS Developed AI/ML Model for Real-World Use Microsoft Certified: Azure Fundamentals Real-Time Face Recognition Attendance System Amazon India Traveling Machine Learning Engineer Hindi
44,Zachary Norman,1994-06-10,prefer_not_to_say,8574184143,69042 Haley Place Apt. 737,India,Maharashtra,Mumbai,33180,Bachelor's,2463,Artificial Intelligence and Data Science,Second,9.58,IEEE,Published Research Paper (IEEE/ACM),Certified Kubernetes Administrator (CKA),E-Commerce Recommendation System,Meta,Innovator,Sydney Houston,+1-664-866-1986,Painting,Cloud Engineer,Tamil,Kinesthetic,/media/student_profiles/p56.jpg,https://linkedin.com/in/thomas72,https://github.com/lmyers,https://portfolio.com/erica95,2024-07-09 07:21:43,2024-07-24 07:33:49,True,Artificial Intelligence and Data Science Second 9.58 IEEE Published Research Paper (IEEE/ACM) Certified Kubernetes Administrator (CKA) E-Commerce Recommendation System Meta Painting Cloud Engineer Tamil
45,Bradley Smith,2004-10-28,prefer_not_to_say,+1-610-495-6527,3836 Gross Groves Suite 137,India,Maharashtra,Mumbai,97507,Master's,9456,Production Engineering,First,8.69,Sports,"Won National Coding Championship (ICPC, Codeforces, CodeChef)",Cisco Certified Network Associate (CCNA),AI-Powered Code Auto-Completion Tool,IBM India,Innovator,Laurie Livingston,+1-682-103-9584,Gardening,Cybersecurity Analyst,Marathi,Auditory,/media/student_profiles/p12.jpg,https://linkedin.com/in/qholmes,https://github.com/lbennett,https://portfolio.com/rsullivan,2024-11-22 13:22:32,2022-03-26 08:58:50,False,"Production Engineering First 8.69 Sports Won National Coding Championship (ICPC, Codeforces, CodeChef) Cisco Certified Network Associate (CCNA) AI-Powered Code Auto-Completion Tool IBM India Gardening Cybersecurity Analyst Marathi"
46,Jason Blackwell,2004-07-27,female,+1-076-492-8968x782,04139 Baker Summit,India,Maharashtra,Mumbai,62016,PhD,6800,Electrical Engineering,First,6.43,GDSC,Received Patent for Innovation,CompTIA Security+,Blockchain-Based Voting System,Zomato,Team Player,Adriana Patel,853-606-6010x591,Gardening,Product Manager,Marathi,Kinesthetic,/media/student_profiles/p55.jpg,https://linkedin.com/in/barryanthony,https://github.com/ericjohnson,https://portfolio.com/mprice,2024-04-28 10:43:49,2020-08-04 05:50:14,False,Electrical Engineering First 6.43 GDSC Received Patent for Innovation CompTIA Security+ Blockchain-Based Voting System Zomato Gardening Product Manager Marathi
47,Noah Patterson,2005-01-10,prefer_not_to_say,+1-068-233-6980x03886,477 Carrie Brook,India,Maharashtra,Mumbai,13702,High School,7010,Information Technology,Fifth,9.93,Vayushastra,Led Full-Stack Project Used by Thousands,Certified Ethical Hacker (CEH),Smart Traffic Management System,Swiggy,Strategist,Blake Moore,6628902818,Photography,DevOps Engineer,Hindi,Auditory,/media/student_profiles/p22.jpg,https://linkedin.com/in/justinhuang,https://github.com/shanefoster,https://portfolio.com/lroach,2022-07-06 16:17:08,2022-08-12 00:13:32,True,Information Technology Fifth 9.93 Vayushastra Led Full-Stack Project Used by Thousands Certified Ethical Hacker (CEH) Smart Traffic Management System Swiggy Photography DevOps Engineer Hindi
48,Erin Gutierrez,1994-09-18,female,001-272-013-6365,180 Christine Stream,India,Maharashtra,Mumbai,82063,High School,2120,Computer Engineering,First,6.43,Students Council,Built Open-Source Project (1K+ Stars),IBM Data Science Professional Certificate,AI-Powered Fake News Detection,PhonePe,Innovator,Kathy Ashley,(434)717-3460,Music,AI Research Scientist,Kashmiri,Visual,/media/student_profiles/p14.jpg,https://linkedin.com/in/kaitlyngood,https://github.com/amanda68,https://portfolio.com/hansonsharon,2023-04-17 08:12:44,2020-02-15 08:43:52,True,Computer Engineering First 6.43 Students Council Built Open-Source Project (1K+ Stars) IBM Data Science Professional Certificate AI-Powered Fake News Detection PhonePe Music AI Research Scientist Kashmiri
49,Shelley Calderon,1995-08-08,female,001-192-281-8182x3388,974 Mark Mills Suite 063,India,Maharashtra,Mumbai,12155,High School,2471,Mechanical Engineering,Fourth,9.55,GDSC,"Won Innovation Challenge (AI for Good, XPRIZE)",Google Data Analytics Professional Certificate,Personal Finance Management App,Razorpay,Strategist,Mary Turner,001-244-841-5511,Fitness,Frontend Developer,Marathi,Visual,/media/student_profiles/p53.jpg,https://linkedin.com/in/kaitlyngood,https://github.com/klane,https://portfolio.com/karen98,2020-07-08 01:20:10,2023-09-08 09:49:41,False,"Mechanical Engineering Fourth 9.55 GDSC Won Innovation Challenge (AI for Good, XPRIZE) Google Data Analytics Professional Certificate Personal Finance Management App Razorpay Fitness Frontend Developer Marathi"
50,Ashley Gregory,2002-09-04,male,290.866.0131x439,0715 Michael Divide,India,Maharashtra,Mumbai,91619,Associate's,3335,Computer Engineering,Second,8.96,GDSC,Developed AI/ML Model for Real-World Use,AWS Certified Machine Learning – Specialty,IoT-Based Smart Home Automation,CRED,Innovator,William Cohen,357-395-2621x344,Traveling,Backend Developer,Hindi,Kinesthetic,/media/student_profiles/p56.jpg,https://linkedin.com/in/thompsontiffany,https://github.com/icunningham,https://portfolio.com/mprice,2021-09-17 04:44:27,2022-09-06 14:35:58,False,Computer Engineering Second 8.96 GDSC Developed AI/ML Model for Real-World Use AWS Certified Machine Learning – Specialty IoT-Based Smart Home Automation CRED Traveling Backend Developer Hindi
51,Jane Collins,2003-08-27,female,001-243-640-2288x5589,782 Dickerson Cape Apt. 130,India,Maharashtra,Mumbai,63384,Master's,3914,Electrical Engineering,Third,9.76,Ted X,"Top Rank in Global Hackathon (SIH, NASA Space Apps)",TensorFlow Developer Certificate,AI-Based Handwriting Recognition,TCS,Leader,Lauren Smith,804-142-7920x8210,Cycling,Full Stack Developer,Marathi,Auditory,/media/student_profiles/p48.jpg,https://linkedin.com/in/wilkinsonjeffrey,https://github.com/ajordan,https://portfolio.com/nharrison,2021-09-25 20:57:13,2025-01-16 22:53:47,False,"Electrical Engineering Third 9.76 Ted X Top Rank in Global Hackathon (SIH, NASA Space Apps) TensorFlow Developer Certificate AI-Based Handwriting Recognition TCS Cycling Full Stack Developer Marathi"
52,Kathryn Johnson,1986-03-20,female,+1-604-531-6965x3018,34635 Chan Brook Suite 168,India,Maharashtra,Mumbai,62209,High School,6472,Computer Engineering,First,8.15,NSS,Received Patent for Innovation,Microsoft Certified: Power BI Data Analyst,Stock Price Prediction Using Machine Learning,Infosys,Strategist,Jacqueline Barber,+1-446-067-9684x595,Cooking,Business Analyst,Marathi,Visual,/media/student_profiles/p4.jpg,https://linkedin.com/in/jennifer52,https://github.com/kelleyamanda,https://portfolio.com/vsimpson,2024-11-18 07:19:51,2021-06-09 23:02:50,False,Computer Engineering First 8.15 NSS Received Patent for Innovation Microsoft Certified: Power BI Data Analyst Stock Price Prediction Using Machine Learning Infosys Cooking Business Analyst Marathi
53,Emma Dunn DVM,1994-09-24,prefer_not_to_say,027-689-3151,32377 George Island,India,Maharashtra,Mumbai,6776,Associate's,9313,Information Technology,First,8.96,NSS,Received Patent for Innovation,Certified Information Systems Security Professional (CISSP),AI-Powered Virtual Personal Assistant,Wipro,Innovator,Jeffrey Morgan,001-844-652-5298x15591,Cycling,UX/UI Designer,Gujarati,Visual,/media/student_profiles/p17.jpg,https://linkedin.com/in/jeremy37,https://github.com/justin85,https://portfolio.com/chelsea70,2024-12-11 00:34:59,2024-11-06 15:38:09,True,Information Technology First 8.96 NSS Received Patent for Innovation Certified Information Systems Security Professional (CISSP) AI-Powered Virtual Personal Assistant Wipro Cycling UX/UI Designer Gujarati
54,Shawn Mcknight,2001-04-17,male,816-882-5431x68273,62423 Robert Courts,India,Maharashtra,Mumbai,95333,High School,8250,Electrical Engineering,First,9.92,Vayushastra,Built Open-Source Project (1K+ Stars),Oracle Certified Java Programmer (OCJP),Cybersecurity Threat Detection System,HCL Technologies,Team Player,Jeffrey Simpson,748.820.9342,Gardening,Quality Assurance Engineer (QA),English,Kinesthetic,/media/student_profiles/p76.jpg,https://linkedin.com/in/jordanryan,https://github.com/christiankemp,https://portfolio.com/theresawilson,2024-09-12 21:32:01,2021-03-11 18:40:54,True,Electrical Engineering First 9.92 Vayushastra Built Open-Source Project (1K+ Stars) Oracle Certified Java Programmer (OCJP) Cybersecurity Threat Detection System HCL Technologies Gardening Quality Assurance Engineer (QA) English
55,Jeffrey Johnson,2005-06-01,male,+1-732-183-1042x4310,38731 Sims Causeway Apt. 838,India,Maharashtra,Mumbai,30582,PhD,4090,Electrical Engineering,Second,7.48,NSS,"Top Rank in Global Hackathon (SIH, NASA Space Apps)",PMP (Project Management Professional),AI-Based Health Chatbot,Tech Mahindra,Team Player,Alan Leach,+1-317-094-9121x02600,Reading,Database Administrator,English,Auditory,/media/student_profiles/p68.jpg,https://linkedin.com/in/shannondavis,https://github.com/erica31,https://portfolio.com/keith17,2024-01-11 20:37:41,2020-04-22 06:59:30,True,"Electrical Engineering Second 7.48 NSS Top Rank in Global Hackathon (SIH, NASA Space Apps) PMP (Project Management Professional) AI-Based Health Chatbot Tech Mahindra Reading Database Administrator English"
56,Michael Fowler,1999-12-20,prefer_not_to_say,755.648.7662,0381 Bruce Port Apt. 591,India,Maharashtra,Mumbai,87699,Master's,6261,Computer Engineering,Second,6.86,Sports,Led Full-Stack Project Used by Thousands,Scrum Master Certification (CSM),AI-Powered Resume Analyzer,Fractal Analytics,Strategist,Lisa Watson,974.112.7343x94814,Gardening,IT Consultant,Gujarati,Kinesthetic,/media/student_profiles/p50.jpg,https://linkedin.com/in/eric18,https://github.com/thomasrodriguez,https://portfolio.com/housejustin,2020-08-01 07:12:44,2022-02-07 09:01:27,True,Computer Engineering Second 6.86 Sports Led Full-Stack Project Used by Thousands Scrum Master Certification (CSM) AI-Powered Resume Analyzer Fractal Analytics Gardening IT Consultant Gujarati
57,Katherine Bell,2005-07-16,prefer_not_to_say,001-571-705-5021,41078 Porter Green Suite 847,India,Maharashtra,Mumbai,97678,High School,7347,Computer Engineering,First,9.11,NSS,"Won National Coding Championship (ICPC, Codeforces, CodeChef)",Google UX Design Professional Certificate,AI-Based Plagiarism Checker,Mu Sigma,Team Player,Renee Huynh,169.738.2465x1865,Volunteering,Technical Program Manager,Gujarati,Kinesthetic,/media/student_profiles/p89.jpg,https://linkedin.com/in/parkertimothy,https://github.com/christinatodd,https://portfolio.com/burgesseric,2021-11-22 14:55:02,2023-08-15 10:34:17,True,"Computer Engineering First 9.11 NSS Won National Coding Championship (ICPC, Codeforces, CodeChef) Google UX Design Professional Certificate AI-Based Plagiarism Checker Mu Sigma Volunteering Technical Program Manager Gujarati"
58,Andrew Hull,2000-01-15,prefer_not_to_say,001-904-963-2673x583,7834 Walter Ridges,India,Maharashtra,Mumbai,95739,High School,8188,Production Engineering,Third,6.16,Mozilla Club,Developed AI/ML Model for Real-World Use,Meta Front-End Developer Professional Certificate,AI-Powered Interview Preparation Tool,Tredence,Innovator,John Foster,001-226-347-8944x9110,Cooking,Embedded Systems Engineer,Kashmiri,Visual,/media/student_profiles/p11.jpg,https://linkedin.com/in/carl88,https://github.com/fbautista,https://portfolio.com/amorrison,2022-11-13 03:17:14,2022-03-31 00:45:55,False,Production Engineering Third 6.16 Mozilla Club Developed AI/ML Model for Real-World Use Meta Front-End Developer Professional Certificate AI-Powered Interview Preparation Tool Tredence Cooking Embedded Systems Engineer Kashmiri
59,Rhonda Reynolds,2003-10-21,prefer_not_to_say,475.155.9903,210 Manuel Loaf,India,Maharashtra,Mumbai,8990,PhD,1529,Information Technology,Fourth,9.44,IEEE,Built Open-Source Project (1K+ Stars),Harvard CS50: Introduction to Computer Science,AI-Based Crime Prediction System,NVIDIA India,Strategist,Jack Walker,001-740-732-1154x70703,Fitness,Blockchain Developer,Hindi,Kinesthetic,/media/student_profiles/p66.jpg,https://linkedin.com/in/williamscasey,https://github.com/diazerik,https://portfolio.com/tylerwagner,2024-02-28 06:18:20,2022-11-24 23:50:06,False,Information Technology Fourth 9.44 IEEE Built Open-Source Project (1K+ Stars) Harvard CS50: Introduction to Computer Science AI-Based Crime Prediction System NVIDIA India Fitness Blockchain Developer Hindi
60,Rick Smith,2005-09-20,female,483.583.5943x59916,6296 Stephanie Freeway Suite 544,India,Maharashtra,Mumbai,26830,PhD,3672,Production Engineering,Third,6.37,IEEE,"Top Rank in Global Hackathon (SIH, NASA Space Apps)",MITx Data Science and Big Data Analytics,AI-Based Mental Health Chatbot,Oracle India,Leader,Alexander Myers,+1-785-431-2472,Painting,AR/VR Developer,Tamil,Visual,/media/student_profiles/p88.jpg,https://linkedin.com/in/catherine40,https://github.com/robertsbenjamin,https://portfolio.com/lroach,2023-02-25 09:22:11,2020-01-01 09:50:03,True,"Production Engineering Third 6.37 IEEE Top Rank in Global Hackathon (SIH, NASA Space Apps) MITx Data Science and Big Data Analytics AI-Based Mental Health Chatbot Oracle India Painting AR/VR Developer Tamil"
61,Sarah Maldonado,1988-09-13,male,415.944.5213,73916 Brian Mall Apt. 581,India,Maharashtra,Mumbai,86607,Bachelor's,8112,Artificial Intelligence and Data Science,Second,6.16,NSS,"Won National Coding Championship (ICPC, Codeforces, CodeChef)",AWS Certified Solutions Architect,AI-Based Resume Screening System,Google India,Strategist,Patrick Berry,+1-503-551-7926x118,Photography,Software Engineer,Marathi,Auditory,/media/student_profiles/p7.jpg,https://linkedin.com/in/kyle56,https://github.com/fbautista,https://portfolio.com/gomezjesus,2023-07-14 06:59:17,2021-07-06 21:04:11,False,"Artificial Intelligence and Data Science Second 6.16 NSS Won National Coding Championship (ICPC, Codeforces, CodeChef) AWS Certified Solutions Architect AI-Based Resume Screening System Google India Photography Software Engineer Marathi"
62,Matthew Yang,1994-05-01,male,051.571.1435,1711 Raymond Drive Apt. 496,India,Maharashtra,Mumbai,94431,High School,5466,Artificial Intelligence and Data Science,Fourth,6.66,Sports,Published Research Paper (IEEE/ACM),Google Cloud Professional Cloud Architect,Chatbot for Customer Support,Microsoft India,Strategist,Patricia May,+1-726-134-6627x8712,Reading,Data Scientist,Hindi,Auditory,/media/student_profiles/p12.jpg,https://linkedin.com/in/carl88,https://github.com/daniel06,https://portfolio.com/molly64,2020-09-26 16:10:19,2021-10-02 14:53:11,True,Artificial Intelligence and Data Science Fourth 6.66 Sports Published Research Paper (IEEE/ACM) Google Cloud Professional Cloud Architect Chatbot for Customer Support Microsoft India Reading Data Scientist Hindi
63,Joanna Meyer,1995-03-19,male,001-894-425-5767,349 Ryan Union,India,Maharashtra,Mumbai,28325,Master's,4670,Computer Science Engineering,Second,8.39,GDSC,Led Full-Stack Project Used by Thousands,Microsoft Certified: Azure Fundamentals,Real-Time Face Recognition Attendance System,Amazon India,Leader,Larry Coffey,737.967.2304,Traveling,Machine Learning Engineer,Gujarati,Kinesthetic,/media/student_profiles/p80.jpg,https://linkedin.com/in/jasontucker,https://github.com/ajordan,https://portfolio.com/vsimpson,2024-10-26 14:18:27,2022-10-26 09:03:51,False,Computer Science Engineering Second 8.39 GDSC Led Full-Stack Project Used by Thousands Microsoft Certified: Azure Fundamentals Real-Time Face Recognition Attendance System Amazon India Traveling Machine Learning Engineer Gujarati
64,Stacy Cruz,2003-11-23,male,579.432.6823x428,3326 Anderson Village,India,Maharashtra,Mumbai,89220,High School,6104,Artificial Intelligence and Data Science,Second,9.55,Vayushastra,Published Research Paper (IEEE/ACM),Certified Kubernetes Administrator (CKA),E-Commerce Recommendation System,Meta,Team Player,John Hale,(732)364-7596,Volunteering,Cloud Engineer,Tamil,Visual,/media/student_profiles/p7.jpg,https://linkedin.com/in/lgonzalez,https://github.com/markclark,https://portfolio.com/keith17,2023-11-18 18:44:54,2023-02-05 21:53:50,True,Artificial Intelligence and Data Science Second 9.55 Vayushastra Published Research Paper (IEEE/ACM) Certified Kubernetes Administrator (CKA) E-Commerce Recommendation System Meta Volunteering Cloud Engineer Tamil
65,Charles Mendoza,2004-03-15,prefer_not_to_say,972-983-0365x510,863 Bell Spur Suite 970,India,Maharashtra,Mumbai,57463,High School,2249,Computer Science Engineering,First,7.63,Rotrack Club,Built Open-Source Project (1K+ Stars),Cisco Certified Network Associate (CCNA),AI-Powered Code Auto-Completion Tool,IBM India,Strategist,Eduardo Barber,531-383-9737x30138,Painting,Cybersecurity Analyst,Marathi,Auditory,/media/student_profiles/p100.jpg,https://linkedin.com/in/matthew76,https://github.com/connie80,https://portfolio.com/mprice,2021-05-07 16:22:01,2021-04-22 18:46:02,True,Computer Science Engineering First 7.63 Rotrack Club Built Open-Source Project (1K+ Stars) Cisco Certified Network Associate (CCNA) AI-Powered Code Auto-Completion Tool IBM India Painting Cybersecurity Analyst Marathi
66,Ryan Le,1999-01-28,male,870.712.2484,86376 Gonzalez Prairie Suite 246,India,Maharashtra,Mumbai,78860,PhD,6451,Computer Engineering,Second,9.89,Vayushastra,Received Patent for Innovation,CompTIA Security+,Blockchain-Based Voting System,Zomato,Leader,Joshua Williams,+1-259-409-7765x663,Fitness,Product Manager,Gujarati,Visual,/media/student_profiles/p90.jpg,https://linkedin.com/in/daniel90,https://github.com/sotomichele,https://portfolio.com/mprice,2022-02-22 11:40:42,2020-05-26 08:10:35,True,Computer Engineering Second 9.89 Vayushastra Received Patent for Innovation CompTIA Security+ Blockchain-Based Voting System Zomato Fitness Product Manager Gujarati
67,Steven Santos,1996-07-17,prefer_not_to_say,712-298-4150x12508,696 Townsend Club Suite 191,India,Maharashtra,Mumbai,90584,High School,4097,Information Technology,Second,9.16,NSS,Led Full-Stack Project Used by Thousands,Certified Ethical Hacker (CEH),Smart Traffic Management System,Swiggy,Strategist,Peggy Duncan,(218)202-1100x294,Photography,DevOps Engineer,Hindi,Kinesthetic,/media/student_profiles/p75.jpg,https://linkedin.com/in/caseymaria,https://github.com/ajordan,https://portfolio.com/karen98,2022-01-04 19:13:38,2021-11-20 19:00:46,False,Information Technology Second 9.16 NSS Led Full-Stack Project Used by Thousands Certified Ethical Hacker (CEH) Smart Traffic Management System Swiggy Photography DevOps Engineer Hindi
68,Elizabeth Campbell,1989-08-19,female,850-180-9603,5134 Lara Well,India,Maharashtra,Mumbai,39318,Associate's,2943,Electrical Engineering,Second,6.66,Vayushastra,Received Patent for Innovation,IBM Data Science Professional Certificate,AI-Powered Fake News Detection,PhonePe,Leader,William Torres,488-072-3685,Gardening,AI Research Scientist,Hindi,Visual,/media/student_profiles/p71.jpg,https://linkedin.com/in/rwaters,https://github.com/brennanpatricia,https://portfolio.com/ohaley,2021-06-09 19:58:12,2021-10-16 12:25:16,False,Electrical Engineering Second 6.66 Vayushastra Received Patent for Innovation IBM Data Science Professional Certificate AI-Powered Fake News Detection PhonePe Gardening AI Research Scientist Hindi
69,Christopher Nelson,1995-05-21,male,(782)923-9069,83074 Calvin Station,India,Maharashtra,Mumbai,88674,Bachelor's,7111,Mechanical Engineering,Fourth,7.63,Mozilla Club,Published Research Paper (IEEE/ACM),Google Data Analytics Professional Certificate,Personal Finance Management App,Razorpay,Strategist,Gabriel Anderson,(914)363-2934x0753,Traveling,Frontend Developer,Kashmiri,Visual,/media/student_profiles/p12.jpg,https://linkedin.com/in/barryanthony,https://github.com/nicholas90,https://portfolio.com/karen98,2022-12-12 20:10:55,2022-12-03 03:31:52,True,Mechanical Engineering Fourth 7.63 Mozilla Club Published Research Paper (IEEE/ACM) Google Data Analytics Professional Certificate Personal Finance Management App Razorpay Traveling Frontend Developer Kashmiri
70,Whitney Crane,2005-07-16,male,001-741-571-0449x480,2604 Kimberly Creek Suite 469,India,Maharashtra,Mumbai,38434,Bachelor's,8702,Information Technology,Fifth,8.8,GDSC,"Top Rank in Global Hackathon (SIH, NASA Space Apps)",AWS Certified Machine Learning – Specialty,IoT-Based Smart Home Automation,CRED,Team Player,Cheryl Anderson,284.920.8525x88713,Fitness,Backend Developer,Kashmiri,Visual,/media/student_profiles/p76.jpg,https://linkedin.com/in/caleb17,https://github.com/fsmith,https://portfolio.com/ydunn,2022-03-12 04:17:40,2021-03-31 13:38:01,False,"Information Technology Fifth 8.8 GDSC Top Rank in Global Hackathon (SIH, NASA Space Apps) AWS Certified Machine Learning – Specialty IoT-Based Smart Home Automation CRED Fitness Backend Developer Kashmiri"
71,Ricky Cunningham,2005-04-30,female,001-056-809-6749x7907,90608 Jack Corners,India,Maharashtra,Mumbai,86275,Master's,1511,Artificial Intelligence and Data Science,First,8.0,Code Labs,Led Full-Stack Project Used by Thousands,TensorFlow Developer Certificate,AI-Based Handwriting Recognition,TCS,Strategist,Christine Lopez,487.528.0273x39119,Music,Full Stack Developer,Marathi,Visual,/media/student_profiles/p96.jpg,https://linkedin.com/in/hlopez,https://github.com/johnnytucker,https://portfolio.com/michael31,2020-01-04 06:50:40,2020-10-02 18:00:32,False,Artificial Intelligence and Data Science First 8.0 Code Labs Led Full-Stack Project Used by Thousands TensorFlow Developer Certificate AI-Based Handwriting Recognition TCS Music Full Stack Developer Marathi
72,Kenneth Zimmerman,2004-07-17,male,+1-948-329-7814x124,55981 Rios Isle Apt. 797,India,Maharashtra,Mumbai,52719,Associate's,7078,Production Engineering,First,8.8,Sports,Received Patent for Innovation,Microsoft Certified: Power BI Data Analyst,Stock Price Prediction Using Machine Learning,Infosys,Team Player,Mr. Justin Fletcher,001-898-843-8584x581,Traveling,Business Analyst,Tamil,Kinesthetic,/media/student_profiles/p7.jpg,https://linkedin.com/in/jennifer52,https://github.com/erica31,https://portfolio.com/ericleon,2022-11-14 22:37:04,2020-02-19 04:06:29,True,Production Engineering First 8.8 Sports Received Patent for Innovation Microsoft Certified: Power BI Data Analyst Stock Price Prediction Using Machine Learning Infosys Traveling Business Analyst Tamil
73,Melissa Peterson,2005-04-21,female,842-069-5734,778 Green Mews,India,Maharashtra,Mumbai,66465,PhD,5267,Information Technology,First,6.5,Rotrack Club,Selected for GSoC/MITACS Internship,Certified Information Systems Security Professional (CISSP),AI-Powered Virtual Personal Assistant,Wipro,Team Player,Jeremy Marshall,001-820-328-1968,Cycling,UX/UI Designer,Marathi,Kinesthetic,/media/student_profiles/p100.jpg,https://linkedin.com/in/thomasnash,https://github.com/chuber,https://portfolio.com/meyerdanielle,2021-07-27 17:28:59,2020-02-06 14:17:12,True,Information Technology First 6.5 Rotrack Club Selected for GSoC/MITACS Internship Certified Information Systems Security Professional (CISSP) AI-Powered Virtual Personal Assistant Wipro Cycling UX/UI Designer Marathi
74,Carla Fitzgerald,2005-07-08,female,5583178339,1199 Bailey Throughway,India,Maharashtra,Mumbai,55799,Bachelor's,2545,Electrical Engineering,Fourth,8.98,Sports,Received Patent for Innovation,Oracle Certified Java Programmer (OCJP),Cybersecurity Threat Detection System,HCL Technologies,Leader,Ms. Shelly Robinson DDS,701.496.1705,Gardening,Quality Assurance Engineer (QA),Gujarati,Visual,/media/student_profiles/p62.jpg,https://linkedin.com/in/lgonzalez,https://github.com/fperez,https://portfolio.com/ohaley,2023-04-18 17:15:54,2024-01-03 18:40:15,True,Electrical Engineering Fourth 8.98 Sports Received Patent for Innovation Oracle Certified Java Programmer (OCJP) Cybersecurity Threat Detection System HCL Technologies Gardening Quality Assurance Engineer (QA) Gujarati
75,Timothy Lee,1995-07-12,prefer_not_to_say,189.842.2683,27116 Singh Lane Suite 556,India,Maharashtra,Mumbai,80692,Master's,6772,Information Technology,Third,6.31,Mozilla Club,Received Patent for Innovation,PMP (Project Management Professional),AI-Based Health Chatbot,Tech Mahindra,Strategist,Lauren Underwood,001-163-124-1635,Cooking,Database Administrator,Gujarati,Kinesthetic,/media/student_profiles/p2.jpg,https://linkedin.com/in/mistywells,https://github.com/thomasrodriguez,https://portfolio.com/samantha84,2023-03-08 16:39:38,2020-09-10 17:51:09,True,Information Technology Third 6.31 Mozilla Club Received Patent for Innovation PMP (Project Management Professional) AI-Based Health Chatbot Tech Mahindra Cooking Database Administrator Gujarati
76,James Martin,2003-05-17,female,322-308-6414,869 Cooper Way,India,Maharashtra,Mumbai,64086,High School,4244,Electrical Engineering,Second,6.12,IEEE,Selected for GSoC/MITACS Internship,Scrum Master Certification (CSM),AI-Powered Resume Analyzer,Fractal Analytics,Innovator,Leslie Miller,(959)826-9194x645,Volunteering,IT Consultant,English,Visual,/media/student_profiles/p79.jpg,https://linkedin.com/in/tyler44,https://github.com/jose21,https://portfolio.com/bryanking,2024-10-29 23:42:20,2023-10-25 05:18:08,True,Electrical Engineering Second 6.12 IEEE Selected for GSoC/MITACS Internship Scrum Master Certification (CSM) AI-Powered Resume Analyzer Fractal Analytics Volunteering IT Consultant English
77,Kerry Anderson,1993-02-10,female,959-476-5079,08946 Jeffrey Crescent Suite 978,India,Maharashtra,Mumbai,12537,PhD,6951,Artificial Intelligence and Data Science,Fifth,7.95,NSS,Received Patent for Innovation,Google UX Design Professional Certificate,AI-Based Plagiarism Checker,Mu Sigma,Innovator,Kristina Smith,258.204.6725x69287,Gardening,Technical Program Manager,Hindi,Kinesthetic,/media/student_profiles/p4.jpg,https://linkedin.com/in/zwalker,https://github.com/markclark,https://portfolio.com/kfisher,2024-08-22 22:22:22,2020-11-24 17:36:36,True,Artificial Intelligence and Data Science Fifth 7.95 NSS Received Patent for Innovation Google UX Design Professional Certificate AI-Based Plagiarism Checker Mu Sigma Gardening Technical Program Manager Hindi
78,Joshua Davis,2000-12-15,female,(534)780-2529,053 Knight Mills,India,Maharashtra,Mumbai,17099,Bachelor's,7456,Computer Science Engineering,Second,8.29,IEEE,Developed AI/ML Model for Real-World Use,Meta Front-End Developer Professional Certificate,AI-Powered Interview Preparation Tool,Tredence,Strategist,Jennifer Rodriguez,001-686-766-5171x6696,Cooking,Embedded Systems Engineer,Gujarati,Auditory,/media/student_profiles/p4.jpg,https://linkedin.com/in/chris31,https://github.com/vaughnpatricia,https://portfolio.com/matthewgray,2024-03-31 08:15:16,2020-03-05 10:09:11,True,Computer Science Engineering Second 8.29 IEEE Developed AI/ML Model for Real-World Use Meta Front-End Developer Professional Certificate AI-Powered Interview Preparation Tool Tredence Cooking Embedded Systems Engineer Gujarati
79,Ian Stephens,2001-09-10,male,(698)902-8354x65540,3873 Jenkins Centers,India,Maharashtra,Mumbai,2419,Bachelor's,3639,Information Technology,Third,9.39,NSS,Led Full-Stack Project Used by Thousands,Harvard CS50: Introduction to Computer Science,AI-Based Crime Prediction System,NVIDIA India,Strategist,Shelby Davis,052.502.5366x73387,Volunteering,Blockchain Developer,English,Kinesthetic,/media/student_profiles/p8.jpg,https://linkedin.com/in/christopher55,https://github.com/michaelbird,https://portfolio.com/samantha84,2021-10-29 14:32:11,2021-11-06 01:01:10,True,Information Technology Third 9.39 NSS Led Full-Stack Project Used by Thousands Harvard CS50: Introduction to Computer Science AI-Based Crime Prediction System NVIDIA India Volunteering Blockchain Developer English
80,Sean Gilbert,1995-05-07,female,647.622.3905x573,697 Ramos Village Suite 832,India,Maharashtra,Mumbai,83701,High School,6655,Computer Engineering,Third,7.9,Sports,Published Research Paper (IEEE/ACM),MITx Data Science and Big Data Analytics,AI-Based Mental Health Chatbot,Oracle India,Strategist,Jennifer Gray,+1-830-613-5456x465,Cooking,AR/VR Developer,English,Auditory,/media/student_profiles/p4.jpg,https://linkedin.com/in/rwaters,https://github.com/howardstone,https://portfolio.com/ianderson,2022-10-04 11:01:24,2020-11-10 06:42:53,True,Computer Engineering Third 7.9 Sports Published Research Paper (IEEE/ACM) MITx Data Science and Big Data Analytics AI-Based Mental Health Chatbot Oracle India Cooking AR/VR Developer English
81,Angela Ferguson,2005-11-03,male,001-516-522-9099x0178,1131 Sanchez Shore Suite 670,India,Maharashtra,Mumbai,2202,Master's,7373,Artificial Intelligence and Data Science,Fourth,8.31,NSS,Published Research Paper (IEEE/ACM),AWS Certified Solutions Architect,AI-Based Resume Screening System,Google India,Leader,Alicia Murphy,468-168-1594x32755,Reading,Software Engineer,Marathi,Visual,/media/student_profiles/p30.jpg,https://linkedin.com/in/lauriemccarty,https://github.com/deborah42,https://portfolio.com/jeffrey04,2022-12-21 02:23:21,2022-08-30 22:07:37,False,Artificial Intelligence and Data Science Fourth 8.31 NSS Published Research Paper (IEEE/ACM) AWS Certified Solutions Architect AI-Based Resume Screening System Google India Reading Software Engineer Marathi
82,David Welch,2000-09-07,male,001-064-846-3118x02751,914 Steele Pine,India,Maharashtra,Mumbai,37617,Associate's,5780,Computer Science Engineering,First,6.31,GDSC,Published Research Paper (IEEE/ACM),Google Cloud Professional Cloud Architect,Chatbot for Customer Support,Microsoft India,Team Player,Mark Atkins,+1-621-035-7365x880,Gardening,Data Scientist,Kashmiri,Kinesthetic,/media/student_profiles/p3.jpg,https://linkedin.com/in/parkertimothy,https://github.com/david31,https://portfolio.com/tiffany25,2022-12-15 15:00:45,2023-01-24 18:40:54,False,Computer Science Engineering First 6.31 GDSC Published Research Paper (IEEE/ACM) Google Cloud Professional Cloud Architect Chatbot for Customer Support Microsoft India Gardening Data Scientist Kashmiri
83,Leslie Jimenez,1997-11-03,prefer_not_to_say,(222)001-1310,7902 May Drives Apt. 074,India,Maharashtra,Mumbai,12707,PhD,4145,Computer Engineering,First,8.07,Students Council,"Job Offer from Top Tech Company (Google, Microsoft, Amazon)",Microsoft Certified: Azure Fundamentals,Real-Time Face Recognition Attendance System,Amazon India,Leader,Barbara Curtis,001-960-274-8845x16649,Photography,Machine Learning Engineer,English,Visual,/media/student_profiles/p84.jpg,https://linkedin.com/in/iellis,https://github.com/shanefoster,https://portfolio.com/rwall,2022-07-31 17:26:24,2020-12-03 12:14:42,True,"Computer Engineering First 8.07 Students Council Job Offer from Top Tech Company (Google, Microsoft, Amazon) Microsoft Certified: Azure Fundamentals Real-Time Face Recognition Attendance System Amazon India Photography Machine Learning Engineer English"
84,Daniel Malone,1999-03-26,prefer_not_to_say,780.900.0215x02305,63187 Williams Row,India,Maharashtra,Mumbai,83473,PhD,4914,Computer Science Engineering,First,9.58,IEEE,Led Full-Stack Project Used by Thousands,Certified Kubernetes Administrator (CKA),E-Commerce Recommendation System,Meta,Team Player,Anthony Gonzalez,(910)486-3207,Painting,Cloud Engineer,Gujarati,Visual,/media/student_profiles/p53.jpg,https://linkedin.com/in/wayne57,https://github.com/owade,https://portfolio.com/brooksmatthew,2023-05-08 07:52:30,2024-01-03 17:17:17,True,Computer Science Engineering First 9.58 IEEE Led Full-Stack Project Used by Thousands Certified Kubernetes Administrator (CKA) E-Commerce Recommendation System Meta Painting Cloud Engineer Gujarati
85,Kathleen Coleman,2004-03-04,female,(070)185-0971,66356 Steven Islands,India,Maharashtra,Mumbai,65205,Associate's,9201,Mechanical Engineering,Fifth,8.96,GDSC,Published Research Paper (IEEE/ACM),Cisco Certified Network Associate (CCNA),AI-Powered Code Auto-Completion Tool,IBM India,Innovator,Isabel Clark,001-027-354-6784x27395,Gardening,Cybersecurity Analyst,Hindi,Auditory,/media/student_profiles/p2.jpg,https://linkedin.com/in/jeremy37,https://github.com/duncanzachary,https://portfolio.com/romeromatthew,2024-08-04 17:14:58,2021-03-03 13:31:41,True,Mechanical Engineering Fifth 8.96 GDSC Published Research Paper (IEEE/ACM) Cisco Certified Network Associate (CCNA) AI-Powered Code Auto-Completion Tool IBM India Gardening Cybersecurity Analyst Hindi
86,Tony Green,1999-06-23,prefer_not_to_say,161-355-8971,0363 Randy Path Apt. 047,India,Maharashtra,Mumbai,67201,Bachelor's,8771,Computer Engineering,Second,7.88,GDSC,Led Full-Stack Project Used by Thousands,CompTIA Security+,Blockchain-Based Voting System,Zomato,Leader,William Chapman,001-395-109-0769x593,Photography,Product Manager,Tamil,Auditory,/media/student_profiles/p73.jpg,https://linkedin.com/in/elizabeth64,https://github.com/smithmichelle,https://portfolio.com/ericleon,2024-03-19 14:38:02,2020-09-19 23:13:18,False,Computer Engineering Second 7.88 GDSC Led Full-Stack Project Used by Thousands CompTIA Security+ Blockchain-Based Voting System Zomato Photography Product Manager Tamil
87,Theresa Perez,2003-02-02,female,876-429-0410,24319 Brandi Point Suite 104,India,Maharashtra,Mumbai,59926,Bachelor's,4235,Computer Engineering,Second,8.29,Mozilla Club,Published Research Paper (IEEE/ACM),Certified Ethical Hacker (CEH),Smart Traffic Management System,Swiggy,Team Player,Mary Mcdowell,001-732-027-0650,Traveling,DevOps Engineer,Gujarati,Kinesthetic,/media/student_profiles/p80.jpg,https://linkedin.com/in/jeremy37,https://github.com/monicaharris,https://portfolio.com/hansonsharon,2020-05-01 05:32:43,2020-11-13 02:04:11,False,Computer Engineering Second 8.29 Mozilla Club Published Research Paper (IEEE/ACM) Certified Ethical Hacker (CEH) Smart Traffic Management System Swiggy Traveling DevOps Engineer Gujarati
88,Allison Scott,1994-11-05,male,+1-418-574-9295x33676,97016 Amber Road Apt. 235,India,Maharashtra,Mumbai,8347,PhD,6326,Mechanical Engineering,Fifth,6.12,Rotrack Club,Received Patent for Innovation,IBM Data Science Professional Certificate,AI-Powered Fake News Detection,PhonePe,Strategist,John Li,3610595825,Cycling,AI Research Scientist,Gujarati,Visual,/media/student_profiles/p87.jpg,https://linkedin.com/in/josephgreen,https://github.com/millsrichard,https://portfolio.com/molly64,2024-03-27 15:44:34,2023-03-15 08:42:41,False,Mechanical Engineering Fifth 6.12 Rotrack Club Received Patent for Innovation IBM Data Science Professional Certificate AI-Powered Fake News Detection PhonePe Cycling AI Research Scientist Gujarati
89,Julie Hall,1995-01-26,female,(232)894-4263x41429,9355 Bowen Unions,India,Maharashtra,Mumbai,20957,High School,9532,Computer Science Engineering,Third,9.37,Rotrack Club,Published Research Paper (IEEE/ACM),Google Data Analytics Professional Certificate,Personal Finance Management App,Razorpay,Innovator,Christina Flores,014-813-6667x2837,Photography,Frontend Developer,Gujarati,Auditory,/media/student_profiles/p89.jpg,https://linkedin.com/in/jeremy37,https://github.com/heatherolson,https://portfolio.com/michael31,2022-01-24 12:35:58,2022-03-28 16:23:15,True,Computer Science Engineering Third 9.37 Rotrack Club Published Research Paper (IEEE/ACM) Google Data Analytics Professional Certificate Personal Finance Management App Razorpay Photography Frontend Developer Gujarati
90,Meghan Berg,2005-10-18,male,582.662.5541x7818,51067 Perez Forge Suite 503,India,Maharashtra,Mumbai,18687,High School,5857,Mechanical Engineering,Third,6.6,Rotrack Club,"Won Innovation Challenge (AI for Good, XPRIZE)",AWS Certified Machine Learning – Specialty,IoT-Based Smart Home Automation,CRED,Strategist,Maxwell Campbell,189-900-3036,Fitness,Backend Developer,Hindi,Visual,/media/student_profiles/p66.jpg,https://linkedin.com/in/rwaters,https://github.com/nataliephillips,https://portfolio.com/romeromatthew,2020-07-27 15:09:09,2021-09-12 00:41:40,False,"Mechanical Engineering Third 6.6 Rotrack Club Won Innovation Challenge (AI for Good, XPRIZE) AWS Certified Machine Learning – Specialty IoT-Based Smart Home Automation CRED Fitness Backend Developer Hindi"
91,John Huerta,2000-09-27,female,(485)224-1929x505,47481 Gardner Mews Apt. 098,India,Maharashtra,Mumbai,18836,Bachelor's,3891,Computer Engineering,Fourth,6.84,Vayushastra,Led Full-Stack Project Used by Thousands,TensorFlow Developer Certificate,AI-Based Handwriting Recognition,TCS,Leader,Matthew Green,001-532-782-9654x703,Cooking,Full Stack Developer,Marathi,Kinesthetic,/media/student_profiles/p100.jpg,https://linkedin.com/in/jennifer52,https://github.com/richardharrell,https://portfolio.com/lroach,2020-10-08 12:50:08,2024-08-20 11:23:25,True,Computer Engineering Fourth 6.84 Vayushastra Led Full-Stack Project Used by Thousands TensorFlow Developer Certificate AI-Based Handwriting Recognition TCS Cooking Full Stack Developer Marathi
92,Crystal Watson,1998-12-06,prefer_not_to_say,516.324.8220,8386 Trevor Gateway Apt. 634,India,Maharashtra,Mumbai,55402,High School,3217,Information Technology,First,9.16,GDSC,Received Patent for Innovation,Microsoft Certified: Power BI Data Analyst,Stock Price Prediction Using Machine Learning,Infosys,Leader,Mark White,9825216819,Painting,Business Analyst,Gujarati,Visual,/media/student_profiles/p75.jpg,https://linkedin.com/in/mistywells,https://github.com/vknight,https://portfolio.com/brittany36,2020-08-01 14:51:05,2021-01-06 14:18:38,False,Information Technology First 9.16 GDSC Received Patent for Innovation Microsoft Certified: Power BI Data Analyst Stock Price Prediction Using Machine Learning Infosys Painting Business Analyst Gujarati
93,Joyce Murray,1996-03-01,prefer_not_to_say,(019)409-3993,2306 Jackson Streets,India,Maharashtra,Mumbai,956,PhD,1958,Production Engineering,Fourth,7.95,Sports,"Won National Coding Championship (ICPC, Codeforces, CodeChef)",Certified Information Systems Security Professional (CISSP),AI-Powered Virtual Personal Assistant,Wipro,Strategist,Brenda Delgado,050-189-9174x890,Gardening,UX/UI Designer,Tamil,Auditory,/media/student_profiles/p76.jpg,https://linkedin.com/in/wlozano,https://github.com/micheal08,https://portfolio.com/david59,2022-04-04 03:20:14,2020-08-29 19:19:26,True,"Production Engineering Fourth 7.95 Sports Won National Coding Championship (ICPC, Codeforces, CodeChef) Certified Information Systems Security Professional (CISSP) AI-Powered Virtual Personal Assistant Wipro Gardening UX/UI Designer Tamil"
94,Jack Vance,1999-04-17,male,3295866397,6470 Michele Keys Suite 527,India,Maharashtra,Mumbai,43761,High School,5417,Electrical Engineering,Second,9.69,Students Council,Received Patent for Innovation,Oracle Certified Java Programmer (OCJP),Cybersecurity Threat Detection System,HCL Technologies,Team Player,Juan Cabrera,+1-028-776-0451x397,Painting,Quality Assurance Engineer (QA),Tamil,Visual,/media/student_profiles/p37.jpg,https://linkedin.com/in/michelle20,https://github.com/mirandalang,https://portfolio.com/mprice,2023-04-28 12:52:03,2020-06-20 23:50:59,False,Electrical Engineering Second 9.69 Students Council Received Patent for Innovation Oracle Certified Java Programmer (OCJP) Cybersecurity Threat Detection System HCL Technologies Painting Quality Assurance Engineer (QA) Tamil
95,David Hendricks,1998-05-04,female,661.610.3185x65762,62221 Kevin Station,India,Maharashtra,Mumbai,4701,High School,5858,Information Technology,Second,7.23,Rotrack Club,Developed AI/ML Model for Real-World Use,PMP (Project Management Professional),AI-Based Health Chatbot,Tech Mahindra,Team Player,Lauren Dalton,770.981.9747x91809,Traveling,Database Administrator,English,Visual,/media/student_profiles/p43.jpg,https://linkedin.com/in/kyle56,https://github.com/owade,https://portfolio.com/holmesamber,2023-05-10 03:44:55,2020-01-30 08:05:13,True,Information Technology Second 7.23 Rotrack Club Developed AI/ML Model for Real-World Use PMP (Project Management Professional) AI-Based Health Chatbot Tech Mahindra Traveling Database Administrator English
96,Mrs. Autumn Sanchez,2005-07-17,female,949.077.2826x80883,6043 Church Court Apt. 493,India,Maharashtra,Mumbai,51811,Bachelor's,4181,Information Technology,Second,7.19,Sports,Built Open-Source Project (1K+ Stars),Scrum Master Certification (CSM),AI-Powered Resume Analyzer,Fractal Analytics,Team Player,Victor Hunter,000-517-1867,Music,IT Consultant,Kashmiri,Kinesthetic,/media/student_profiles/p77.jpg,https://linkedin.com/in/wendy61,https://github.com/melissa45,https://portfolio.com/todd39,2024-07-19 00:44:10,2024-01-13 15:48:09,True,Information Technology Second 7.19 Sports Built Open-Source Project (1K+ Stars) Scrum Master Certification (CSM) AI-Powered Resume Analyzer Fractal Analytics Music IT Consultant Kashmiri
97,Zachary Wilson,2002-04-21,female,+1-954-944-3542x65614,074 Best Harbors Apt. 056,India,Maharashtra,Mumbai,21876,PhD,6088,Information Technology,Second,9.1,Rotrack Club,Built Open-Source Project (1K+ Stars),Google UX Design Professional Certificate,AI-Based Plagiarism Checker,Mu Sigma,Leader,Ivan Lee,(794)321-3071x719,Photography,Technical Program Manager,Gujarati,Kinesthetic,/media/student_profiles/p55.jpg,https://linkedin.com/in/nward,https://github.com/vaughnpatricia,https://portfolio.com/rsullivan,2025-03-06 13:55:58,2024-09-01 12:33:28,True,Information Technology Second 9.1 Rotrack Club Built Open-Source Project (1K+ Stars) Google UX Design Professional Certificate AI-Based Plagiarism Checker Mu Sigma Photography Technical Program Manager Gujarati
98,Jennifer Doyle,1996-12-09,male,416-632-6649x6419,2557 Hahn Ford Suite 153,India,Maharashtra,Mumbai,72340,High School,1631,Mechanical Engineering,Third,7.48,IEEE,"Top Rank in Global Hackathon (SIH, NASA Space Apps)",Meta Front-End Developer Professional Certificate,AI-Powered Interview Preparation Tool,Tredence,Leader,Dana Garcia,(824)118-9620x6353,Traveling,Embedded Systems Engineer,Tamil,Kinesthetic,/media/student_profiles/p6.jpg,https://linkedin.com/in/stephanie86,https://github.com/ericjohnson,https://portfolio.com/rsullivan,2024-01-06 11:55:15,2020-01-17 21:16:06,True,"Mechanical Engineering Third 7.48 IEEE Top Rank in Global Hackathon (SIH, NASA Space Apps) Meta Front-End Developer Professional Certificate AI-Powered Interview Preparation Tool Tredence Traveling Embedded Systems Engineer Tamil"
99,Natasha Johnson,1997-08-22,male,561-827-6828x586,4624 Jones Estate Suite 112,India,Maharashtra,Mumbai,62147,Master's,8197,Artificial Intelligence and Data Science,First,6.37,Mozilla Club,Developed AI/ML Model for Real-World Use,Harvard CS50: Introduction to Computer Science,AI-Based Crime Prediction System,NVIDIA India,Strategist,Bridget Greene,613-475-4528,Volunteering,Blockchain Developer,Hindi,Kinesthetic,/media/student_profiles/p61.jpg,https://linkedin.com/in/cjennings,https://github.com/michael74,https://portfolio.com/robert48,2024-09-30 00:26:22,2022-10-05 15:07:06,True,Artificial Intelligence and Data Science First 6.37 Mozilla Club Developed AI/ML Model for Real-World Use Harvard CS50: Introduction to Computer Science AI-Based Crime Prediction System NVIDIA India Volunteering Blockchain Developer Hindi
100,Rebecca Tucker,1996-10-28,prefer_not_to_say,726-175-6713,6852 Heath Point Apt. 231,India,Maharashtra,Mumbai,7106,High School,1546,Computer Science Engineering,First,9.16,Sports,"Won National Coding Championship (ICPC, Codeforces, CodeChef)",MITx Data Science and Big Data Analytics,AI-Based Mental Health Chatbot,Oracle India,Strategist,Jeffrey Reed,830.541.8268,Cooking,AR/VR Developer,Kashmiri,Kinesthetic,/media/student_profiles/p49.jpg,https://linkedin.com/in/wlozano,https://github.com/ashley32,https://portfolio.com/karen98,2020-12-06 16:02:49,2022-05-06 05:22:13,True,"Computer Science Engineering First 9.16 Sports Won National Coding Championship (ICPC, Codeforces, CodeChef) MITx Data Science and Big Data Analytics AI-Based Mental Health Chatbot Oracle India Cooking AR/VR Developer Kashmiri"
